<?xml version="1.0" encoding="UTF-8"?>
<metadata xml:lang="zh"><Esri><CreaDate>20250814</CreaDate><CreaTime>13492600</CreaTime><ArcGISFormat>1.0</ArcGISFormat><SyncOnce>TRUE</SyncOnce><DataProperties><lineage><Process ToolSource="d:\arcgispro\install\Resources\ArcToolbox\toolboxes\GeoAnalytics Desktop Tools.tbx\CreateBuffers" Date="20250814" Time="134926">CreateBuffers globe_gauge_discharge_data_8y D:\Insitu_globe\GRDC_fig\gauge_shp\globe_gauge_discharge_data_8y_buffer500.shp GEODESIC DISTANCE # "500 Meters" # NONE # # #</Process></lineage></DataProperties></Esri></metadata>
